UserTags,time,Tweets
THE PROFESSOR,2024-05-01T20:04:55.000Z,"No Cristiano Ronaldo fan will pass without liking this tweet 

ğ–ğ‡ğ€ğ“ ğ€ ğğˆğ‚ğ“ğ”ğ‘ğ„ 

What a goal #Ronaldo "
Viral_infoVerse,2024-05-05T01:41:35.000Z,"A perfect hat-trick from the GOAT 

#Ronaldo THE GOAT #GOAT"
Dr. Raza,2024-05-04T21:12:03.000Z,"Just Another day and a Hat trick for Ronaldo. 
#Ronaldo #AlNassrAlWehda"
Eva12337,2024-05-04T21:37:18.000Z,"HAT-TRICK  THE GOAT 
#CristianoRonaldo #Ronaldo #CR7ğ“ƒµ #cr7 #football #AlNassr #GOAT #HAT-TRICK"
Lyrico Mycal,2024-05-05T06:44:03.000Z,"What a weekend! The goats of football made good use of their superiority.

#Messi 1 Goal and 5 Assists (league record)

#Ronaldo 3 Goals 

To us that love the beautiful game when the goats perform they light up our worlds like mighty flames "
Xciting Sports,2024-05-05T10:38:10.000Z,"4/5/24 - Flashback to Glory! 
 Football legends turned back the clock:
  
@Cristiano
 netted a hat-trick!
  Leo Messi dazzled with a goal and 5 assists!

A duel of shows, just like the good old days!

#messi #goat #ronaldo #FYP #cristiano
#X"
PUMPINGLEE,2024-04-28T01:50:02.000Z,"100% Real  

#InterMiami  #messi  #Ronaldo"
Usman,2024-05-05T09:01:27.000Z,"This is not Normal!!! Ronaldo winning Ballon D'or at 39 will be greatest thing ever done by a footballer!!!!!
#Ronaldo"
Mr. Boog,2024-05-05T02:38:47.000Z,"Nothing to see here.

#ronaldo #football #messi"
Mike_l,2024-04-30T21:45:07.000Z,Cristiano and Real Madrid #CristianoRonaldo #Ronaldo #CR7ğ“ƒµ #CR7 #RealMadrid #cr7realmadrid #GOAT #football #
Yadnesh Shingare,2024-05-01T18:18:45.000Z,"Wow 
The greatest of all time 
#Ronaldo"
Foundational Tethering AMERIKKKÃN,2024-05-05T16:52:31.000Z,"Imagine if these two had played together. 

#Messi #Ronaldo fans need to appreciate the greatness of these two magicians of Football. 

Wish we had got to see them play together 
@InterMiamiCF
 @AlNassrFC_EN"
Football Pundit,2024-05-05T04:31:08.000Z,"#KendrickLamar  out here uniting black and white .

Sucks to be in same
Era with another legend

#Drake vs #Kendrick is for the culture of rap and hiphop!!
MJ vs Lebron would have been massive if they were in same Era.
#Ronaldo vs #Messi in soccer is another crazy one "
Atul Rajguru,2024-05-02T05:47:44.000Z,"ON THIS DAY IN 2017:  
Cristiano Ronaldo scored a WORLD CLASS HATRICK against Atletico Madrid in the Champions League semi-finals.   
The greatest big game player ever.
#Ronaldo #CR7ğ“ƒµ #ChampionsLeague"
EAZY,2024-05-05T03:55:29.000Z,"No surprise on who takes the 1st place 

#EPL #LFC #Ronaldo #Messi 
#IPL #MUFC"
Manchester City Fandom,2024-05-04T19:35:31.000Z,"CRISTIANO RONALDO

THE GREATEST THERE IS, THE GREATEST THERE WAS AND THE GREATEST THERE EVER WILL BE!!!
#Ronaldo #CristianoRonaldo #AlNassrAlWehda"
Naijawikia,2024-05-01T15:09:47.000Z,"Last time PSG and Dortmund met in #UCL , this happened.
#UEFAChampionsLeague #DORPSG #psgdor #mbappe #sule #dembele #Ronaldo #CristianoRonaldo #GOAT #alnassr #Reus #sancho"
"ÑÏƒĞ¸Î±â„“âˆ‚Ïƒ â„“ÏƒÎ½Ñ”Ñ ,Ğ¸Î¹â„“ÏƒÑƒ ÊÏƒÑƒ ĞºÎ±ÑĞ¼ÏƒĞºÑ”Ñ",2024-05-04T20:27:46.000Z,"Cristiano Ronaldo!!!

66 Career Hat-tricks.
890 Career Goals.

#Ronaldo"
GAINZ,2024-05-05T16:28:40.000Z,"Cristiano Ronaldo with his new achievement. 
=====
#BOOMchallenge 
#cristiano 
#ronaldo 
#cr7"
Arriv- In,2024-04-30T08:30:38.000Z,"What match was this skill in?

#ronaldo #cristianoronaldo #football"
BRUNOJRN,2024-04-30T13:17:17.000Z,"Its cristianooooo....
#cristiano
#Ronaldo 
#Elon_Musk"
kuriakose sachin,2024-04-26T19:10:46.000Z,"Even winning snooker games, he still celebrates like the GOAT.

Show me a better fan boy and I'll deactivate immediately. 
#Ronaldo 
#GOATğ“ƒµ
#MUFC"
goaloffside4,2024-05-02T05:46:26.000Z,"What is the most: "" Iâ€™m Cristiano Ronaldo "" moment ever  after him joining AlNassr 
Me : 
#Ronaldo #CR7 #GOAT #AlNassrAlKhaleej"
Futnet Media,2024-04-27T02:25:16.000Z,A hardcore fan of Cristiano Ronaldo walking from Dubai to Saudi to meet his idol and Finally Ronaldo met him  what a moment #CR7ğ“ƒµ #CristianoRonaldo #ronaldo #GOATğ“ƒµ
PCB GIST,2024-05-02T16:38:13.000Z,"Still can't believe it... No offense to modric 
#ronaldo #cristianoronaldo #halamadrid"
Francesco // Wisdom,2024-05-05T01:34:38.000Z,It be like that  when will Ronaldo stop  #ronaldo #goat
With God,2024-05-05T15:44:23.000Z,"Cristiano Ronaldo Gets 66th Hat-Trick As He Reaches 890 Career Goals
#Ronaldo"
Pascal Ujor,2024-04-26T22:00:39.000Z,"The Importance of Training Hours and Mindset in Becoming a Top Professional Athlete
â€¢
#professionalmindset #traininghours #messi #ronaldo #lebron #jordan #hardworkpaysoff #successmindset #dedication #neverquestion #stoic #day126"
Science boy,2024-05-03T13:12:50.000Z,"Respond...... 
#ronaldo #Messi"
Junior Oliha,2024-04-27T09:04:54.000Z,"I'm a #Liverpool fan and I supported 
@Carra23
 as a player, but I never liked him as a person. He's bitter and a hater. I once saw video clips of him spitting on a child. From this video, you just know that all he's saying is coming from his garbage mind of hate towards #Ronaldo"
RAINING DEWS,2024-05-04T02:12:33.000Z,Every Mess's records should be erased. #messi #uefa #fifa #1usd #RONALDO #neymar #EMoney_network
